门派,心法,奇穴位置,奇穴名,奇穴描述,技能ID,纵向位置
少林,洗髓经,1,南无·悟,{罗汉棍法}伤害提高20%。,101786,1
少林,洗髓经,1,乐音·悟,受到的内功伤害降低10%。,101787,2
少林,洗髓经,2,众法·悟,施展【傍身招式】时将自身体质的15%转换为阳性内功攻击力，持续10秒。,101788,1
少林,洗髓经,2,持戒·悟,气血上限提高20%。,101789,2
少林,洗髓经,3,娑罗·悟,{禅灵}造成的伤害提高20%，生成禅灵时回复自身6%气血值。,101790,1
少林,洗髓经,3,轮回·悟,被击杀后救治自身并使自身恢复15%气血最大值，起身后4秒内受到的伤害降低80%，该效果每300秒可触发一次。,101791,2
少林,洗髓经,4,醍醐灌顶·悟,对敌方造成伤害。每生成过1个{禅灵}造成的伤害提高20%，最多提高100%。生成过5个{禅灵}后施展时追加一段横扫攻击且技能期间无敌。,101775,1
少林,洗髓经,4,舍身弘法·悟,为队友和自身添加增益。,101776,2
少林,易筋经,5,如来·悟,{罗汉棍法}伤害提高20%。,101780,1
少林,易筋经,5,佛陀·悟,{龙爪功}会心几率提高25%。,101781,2
少林,易筋经,6,刹那·悟,对{眩晕}或{击倒}目标造成的伤害提高20%。,101782,1
少林,易筋经,6,无垢·悟,【傍身招式】会心后额外降低【绝技招式】和【捕风式·悟】1秒调息时间。,101783,2
少林,易筋经,7,法界·悟,{禅灵}造成的伤害提高30%，生成禅灵时回复自身1%气血值。,101784,1
少林,易筋经,7,罗网·悟,金刚日轮阵每2秒造成一次伤害，自身在金刚日轮阵内时受到的伤害降低30%且每秒回复3%最大气血值。,101785,2
少林,易筋经,8,醍醐灌顶·悟,对敌方造成伤害。每生成过1个{禅灵}造成的伤害提高20%，最多提高100%。生成过5个{禅灵}后施展时追加一段横扫攻击且技能期间无敌。,101762,1
少林,易筋经,8,金刚日轮阵·悟,对敌方造成伤害，重置{龙爪功}调息时间并产生1个持续10秒10尺范围的金刚日轮阵，在阵内施展{龙爪功}招式会附带额外效果。,101763,2
万花,花间游,1,归兮·悟,施展【傍身招式】后使自身移速提高15%、受到的伤害降低15%，持续8秒。,100487,1
万花,花间游,1,陶然·悟,施展【傍身招式】后使自身无双和造成的伤害提高10%，持续8秒。,100488,2
万花,花间游,2,忘机·悟,{兰摧}伤害提高30%，【玉石俱焚·悟】对非侠士目标伤害提高50%。,100489,1
万花,花间游,2,夕落·悟,【玉石俱焚·悟】伤害提高30%，{兰摧}立即生效后使目标被疗伤效果降低50%，持续5秒。,100490,2
万花,花间游,3,渡泉·悟,施展伤害招式命中气血值低于50%的目标自身会心率和会心效果提高15%，持续10秒。,100491,1
万花,花间游,3,常心·悟,施展【太阴指·悟】后免疫控制持续3秒，受到的伤害降低30%持续8秒。,100492,2
万花,花间游,4,水月无间·悟,10秒内下一个运功招式无需运功且必定会心。,100050,1
万花,花间游,4,乱洒青荷·悟,重置【玉石俱焚·悟】调息时间，15秒内下一个【傍身招式】附带{兰摧}效果。,100051,2
万花,离经易道,9,文锋·悟,运功招式运功时间降低0.25秒。,100577,1
万花,离经易道,9,隐形·悟,施展运功招式运功结束时获得【内舍】气劲，每层使疗伤效果提高5%，持续15秒，最多叠加3层。,100578,2
万花,离经易道,10,济世·悟,自身持续治疗的疗伤效果提高30%。,100579,1
万花,离经易道,10,玄针·悟,【傍身招式】命中目标添加1层{毫针}，最多叠加3层。,100580,2
万花,离经易道,11,云间·悟,施展【傍身招式】获得1层【清疏】，施展【对阵招式】获得3层【清疏】，5层时为自身10尺范围内小队成员恢复气血值。\n疗伤：30%治疗量,100581,1
万花,离经易道,11,灵脉·悟,施展【太阴指·悟】后，使自身免疫控制，持续3秒。,100582,2
万花,离经易道,12,大针·悟,"消耗自身当前30%气血值,使友方玩家回复5%最大气血值，随后使其当前和最大气血值同时提高120%，每秒回复最大气血值的3%，持续6秒。",100121,1
万花,离经易道,12,折叶笼花·悟,为友方玩家添加{笼花}效果，正常结束回复目标5%最大气血值，可提前结束使目标免于重伤并回复10%最大气血值，{笼花}持续12秒。,100122,2
天策,傲血战意,5,啸如虎·悟,·施展【突·悟】使自身3秒内受到的伤害降低35%。\n·自身气血值低于1%时被治疗效果提高20%且{不死}，持续8秒，该效果每120秒触发一次。,100522,1
天策,傲血战意,5,骠骑·悟,【龙牙·悟】伤害提高50%。,100523,2
天策,傲血战意,6,行健·悟,【任驰骋·悟】调息时间降低5秒，施展【任驰骋·悟】上马获得6层{行健·悟}。,100524,1
天策,傲血战意,6,骁武·悟,非骑乘状态下连续命中时，使自身伤害提高4%，受到的伤害降低2%，可叠加5次，持续4秒。,100525,2
天策,傲血战意,7,勇毅·悟,所有招式对{眩晕}或{击倒}状态下目标伤害提高20%。,100526,1
天策,傲血战意,7," 南征·悟",{流血}效果最大叠加层数提高至3层，作用间隔缩短0.25秒。,100527,2
天策,傲血战意,8,力破万钧·悟,仅马下可施展，对前方造成伤害，对气血值低于50%的敌方伤害提高60%。,100035,1
天策,傲血战意,8,破重围·悟,骑马时方可施展，将前方目标{击入僵直}并造成伤害，使其{轻功沉默}，对被{击倒}的目标伤害提高50%。,100036,2
天策,铁牢律,5,啸如虎·悟,自身气血值低于1%时自动触发，使自身被治疗效果提高20%且{不死}，持续10秒，该效果每120秒触发一次。,100569,1
天策,铁牢律,5,铁甲·悟,【御·悟】施展后1秒内成功抵挡伤害，使自身伤害提高20%，持续15秒。,100570,2
天策,铁牢律,6,破胆·悟,【沧月·悟】、【战八方·悟】威胁值提高10%。,100571,1
天策,铁牢律,6,战锋·悟,·自身外功防御等级提高20%。\n·【龙吟·悟】奇卷使目标受到的伤害增加效果提高至4%。\n·【龙牙·悟】奇卷使目标伤害降低效果提高至10%。,100572,2
天策,铁牢律,7,枕戈·悟,强迫目标攻击自身时，自身御劲值提高10%，持续4秒。,100573,1
天策,铁牢律,7,护九州·悟,施展【突·悟】、【御·悟】后，自身每秒回复1%气血值，持续5秒。,100574,2
天策,铁牢律,8,力破万钧·悟,仅马下可施展，对前方造成伤害，对气血值低于50%的敌方伤害提高60%。,100430,1
天策,铁牢律,8,号令三军·悟,使团队成员回复10%最大气血值，并获得增益，持续50秒，可叠加3层。,100431,2
纯阳,太虚剑意,5,致柔·悟,对被{定身}、{锁足}、{眩晕}的敌方造成的伤害提高20%。,100447,1
纯阳,太虚剑意,5,周行·悟,产生{气场}后自身伤害提高10%，无双提高10%，持续6秒。,100448,2
纯阳,太虚剑意,6,神灵·悟,每引爆1个{气场}获得2把{气剑}。,100449,1
纯阳,太虚剑意,6,玄牝·悟,任意{气场}触地时对范围内的敌方添加2层{叠刃}。,100450,2
纯阳,太虚剑意,7,固强·悟,{气剑}命中自身气场范围内的敌方将为其添加1层{叠刃}。,100451,1
纯阳,太虚剑意,7,无隅·悟,{叠刃}剩余伤害立即生效后，降低2秒【气场招式】的调息时间。,100452,2
纯阳,太虚剑意,8,行剑千风·悟,冲至目标区域对敌方造成伤害，最后一击可使自身添加的{叠刃}剩余伤害立即生效。,100015,1
纯阳,太虚剑意,8,乾坤剑来·悟,落下{乾坤剑阵}，触地时汇聚半径10尺内自身所有{气场}并将敌方持续拉拽至剑阵中心。,101602,2
纯阳,紫霞功,9,道冲·悟,对被{定身}、{锁足}、{眩晕}的敌方造成的伤害提高20%。,100556,1
纯阳,紫霞功,9,持盈·悟,开始运功后自身伤害提高15%，持续3秒。,100557,2
纯阳,紫霞功,10,不恃·悟,{飞剑}伤害提高20%。,100558,1
纯阳,紫霞功,10,无争·悟,尝试击退目标时自身获得2把{飞剑}。击退敌方时可使其{轻功沉默}2秒，击退结束后使其{定身}3秒。,100559,2
纯阳,紫霞功,11,上善·悟,每次获得{飞剑}可使飞剑伤害提高4%，持续6秒，最多叠加5层。,100560,1
纯阳,紫霞功,11,和光·悟,每次获得{飞剑}可降低2秒【气场招式】的调息时间，且回复自身1%最大气血值。,100561,2
纯阳,紫霞功,12,气破鸿蒙·悟,对敌方造成伤害，消耗所有{飞剑}，每1把可提高本招式伤害10%。,100080,1
纯阳,紫霞功,12,镇山河·悟,在目标区域产生一个半径7尺的{气场}【镇山河】存在8秒。,100082,2
七秀,云裳心经,9,飘然·悟,自身气血值下降到40%以下时，闪避提升50%且成功闪避时回复自身5%气血值，持续5秒，20秒可触发1次。,100510,1
七秀,云裳心经,9,婵娟·悟,施展【傍身招式】后使自身治疗效果提高15%，持续5秒。,100511,2
七秀,云裳心经,10,玉颜·悟,移动速度提升10%，受控状态下自身受到的所有伤害降低15%。,100516,1
七秀,云裳心经,10,清光·悟,招式会心后疗伤效果提升3%，可叠加5层，持续10秒。,100518,2
七秀,云裳心经,11,容华·悟,气血值低于1%时，解除自身被控制状态，受到伤害降低100%，持续3秒。,100532,1
七秀,云裳心经,11,绛珠·悟,自身体质和根骨属性提升10%。,100533,2
七秀,云裳心经,12,风袖低昂·悟,回复范围内友方气血值，使其获得{天地低昂·悟}，若其气血值低于70%，使其已有的自身持续治疗效果立即生效。,100096,1
七秀,云裳心经,12,九微飞花·悟,在自身和目标位置各自落下花雨，每秒使6尺范围内友方回复气血值，并使其造成的伤害提高，每跳治疗效果递增10%，对受控的目标造成的治疗效果提高15%，同一个目标同时只会被自身一片花雨治疗，持续6秒。,100102,2
七秀,冰心诀,1,瑟曲·悟,当自身{急曲·悟}叠加至3层时 ，自身被控制效果持续时间降低50%，移速提高30%，持续8秒。,100584,1
七秀,冰心诀,1,红袖·悟,施展【绝技招式】使自身会心率和会心效果提高10%，持续20秒。,100585,2
七秀,冰心诀,2,弦曲·悟,对有3层{急曲·悟}的目标添加{急曲·悟}时，或者使{急曲·悟}伤害立即生效时，造成1次额外阴性内功伤害，并有50%概率降低【绝技招式】调息时间1秒。,100586,1
七秀,冰心诀,2,笙曲·悟,使{急曲·悟}效果全部立即生效后10秒内受到的伤害降低10%，且在添加{急曲·悟}时，额外添加1层。,100587,2
七秀,冰心诀,3,轻云·悟,气血值低于1%时，解除自身被控制状态，受到伤害降低100%，持续3秒。,101956,1
七秀,冰心诀,3,筝曲·悟,添加{急曲·悟}时，自身伤害提高5%，可叠加3层，持续10秒。,100588,2
七秀,冰心诀,4,霜天剑泠·悟,每0.25秒对敌方造成伤害并使其移速降低。目标离开自身21尺则挣脱剑气攻击，若3秒内未挣脱，则在效果结束时额外造成1次伤害并附带1层{急曲·悟}，同时使其{眩晕}并{外功沉默}，{内功沉默}，{轻功沉默}。,100377,1
七秀,冰心诀,4,合璧知意·悟,对敌方造成伤害，在其位置形成半径6尺的区域，持续5秒，目标在区域中每秒受到伤害并添加1层{凝波}，期间若玩家目标离开区域，则立即添加10层{凝波}。,100598,2
五毒,毒经,1,殇音·悟,持续伤害每跳使自身无双和造成的伤害增加1%，持续5秒，最多可叠加10层。,100794,1
五毒,毒经,1,蛊蚀·悟,{蛊虫}伤害提高25%。,100801,2
五毒,毒经,2,灵蝶·悟,施展【化蝶·悟】会对20尺范围最多5个目标造成毒性内功伤害，且刷新目标身上属于自身的持续伤害效果时间。,100802,1
五毒,毒经,2,跗骨·悟,会心效果提高15%，【傍身招式】对{蛊虫}附体的目标造成的伤害提高15%。,100803,2
五毒,毒经,3,噬命·悟,持续伤害提高30%，【傍身招式】命中{夺命蛊}效果目标伤害提高15%。,100804,1
五毒,毒经,3,苏生·悟,若场上存在自身的{蛊虫}，可通过牺牲自己的{蛊虫}使自身免于重伤并恢复50%气血值，该效果最多每150秒触发一次。,100805,2
五毒,毒经,4,连缘蛊·悟,每0.5秒对敌方造成一次伤害，持续3秒。目标每存在一个自身的持续伤害，则伤害提高35%。,100763,1
五毒,毒经,4,寂灭蛊·悟,每0.5秒对自身6尺范围内敌方造成一次伤害并减速50%，持续3秒。若{蛊虫}在场，则对{蛊虫}附体目标也产生同样效果。运功结束后造成一次大额伤害并恢复自身20%气血值。,100764,2
五毒,补天诀,5,五圣·悟,施展{驭灵奇术}招式后自身疗伤效果提高15%，持续10秒。,100828,1
五毒,补天诀,5,翩跹·悟,施展{补天心经}招式后移动速度提高25%，持续5秒。,100829,2
五毒,补天诀,6,回生·悟,施展{补天心经}招式后降低【绝技招式】2秒调息时间。,100830,1
五毒,补天诀,6,灵眷·悟,施展{驭灵奇术}招式后自身受到的伤害降低12%，持续10秒。,100831,2
五毒,补天诀,7,圣护·悟,施展{补天心经}招式五次后下个【千蝶吐瑞·悟】的目标受到的伤害降低40%，{锁足}{定身}{眩晕}{击倒}控制效果持续时间降低50%，持续3秒。,100832,1
五毒,补天诀,7,献灵·悟,若场上存在自身的{碧蝶}，可通过牺牲自己的{碧蝶}使自身免于重伤并恢复50%气血值，该效果最多每150秒触发一次。,100833,2
五毒,补天诀,8,千蝶吐瑞·悟,7秒内每0.5秒为半径20尺范围内气血值百分比最低的一名队友恢复气血值。,100765,1
五毒,补天诀,8,孔雀引·悟,召唤一个孔雀每秒为10尺内队友恢复气血值，持续25秒。期间若队友气血值低于70%还会获得相当于30%最大气血值的护盾，持续6秒，该效果15秒内只能触发一次。,100766,2
唐门,天罗诡道,1,神魂俱灭·悟,当自身与目标的距离小于10尺时，自身所有{机关招式}的伤害提高10%，大于等于10尺时提升到20%。,101943,1
唐门,天罗诡道,1,天涯亡命·悟,当自身与陷阱的距离小于10尺时，该{陷阱招式}的伤害提高10%，大于等于10尺时提升到20%。,101944,2
唐门,天罗诡道,2,飞鸢折翼·悟,自身添加的{中毒}剩余伤害立即生效时，可使敌方{轻功沉默}持续5秒。,101945,1
唐门,天罗诡道,2,毒煞灵机·悟,自身添加的{中毒}剩余伤害立即生效时，可降低3秒{陷阱招式}的调息时间。,101946,2
唐门,天罗诡道,3,千机万化·悟,每拥有1个机关，施展任意{陷阱招式}的调息时间降低2秒。,101947,1
唐门,天罗诡道,3,神机千变·悟,每次施展{机关招式}或{陷阱招式}可使自身受到的伤害降低10%，持续8秒，最多叠加2层。,101948,2
唐门,天罗诡道,4,鬼斧千机·悟,半径20尺内自身所有机关和陷阱存在时间延长10秒。,101885,1
唐门,天罗诡道,4,暴雨夺命针·悟,重置【千机毒刹·悟】【天绝地灭·悟】的调息时间。对敌方造成伤害，命中同一敌方3击后可使自身添加的{中毒}剩余伤害立即生效。,101886,2
唐门,惊羽诀,1,催心索魂·悟,招式会心则使自身4秒内伤害提高15%。,101802,1
唐门,惊羽诀,1,飞影残星·悟,施展【浮光飞影·悟】使自身3秒内免疫控制状态，【飞星绝影·悟·贰式】使自身5秒内免疫控制状态。,101803,2
唐门,惊羽诀,2,碧落黄泉·悟,【逐星箭·悟】【穿心弩·悟】命中目标可叠加{无声}，【追命箭·悟】伤害提高10%。,101804,1
唐门,惊羽诀,2,神弩化镖·悟,【穿心弩·悟】替换为【化血镖·悟】，【暴雨索魂针·悟】【雷震子·悟】充能次数增加1次。,101805,2
唐门,惊羽诀,3,追命夺魄·悟,【追命箭·悟】命中使下一次【夺魄箭·悟】瞬发，且伤害提高50%。,101806,1
唐门,惊羽诀,3,碧空扶摇·悟,施展【扶摇直上·悟】【鸟翔碧空·悟】使自身3秒内免疫控制效果。,101807,2
唐门,惊羽诀,4,百里追魂·悟,自身跃起悬浮对目标范围蓄力，2秒后对区域内目标造成高额伤害。,101732,1
唐门,惊羽诀,4,流火连星·悟,对目标区域造成伤害，并使范围内最多3个目标1秒后再次爆炸，分别对其周围8尺造成范围伤害。,101733,2
藏剑,问水诀,9,折梅·悟,添加{梅隐香·悟}时，额外添加1秒。,100919,1
藏剑,问水诀,9,临水·悟,{轻剑招式}会心后，5秒内自身下次运功招式无需运功，另使自身会心效果提高25%，持续5秒。,100917,2
藏剑,问水诀,10,凤阙·悟,{龙池}的持续时间增加至10秒，造成的伤害提高10%。,100918,1
藏剑,问水诀,10,载酒·悟,对被{定身}、{眩晕}、{击倒}的敌方造成的伤害提高20%。,100916,2
藏剑,问水诀,11,逸剑·悟,施展{轻剑招式}产生位移时，免疫控制，持续3秒；{重剑招式}造成伤害时，获得可化解相当于3%气血值伤害的护盾，持续3秒。,100920,1
藏剑,问水诀,11,澜江·悟,{龙池}每造成1次伤害，藏剑{断潮·悟}的伤害提升3%，最多提升30%，{龙池}消失时清除此效果。,100921,2
藏剑,问水诀,12,风来吴山·悟,持续运功，每0.5秒对周围敌方造成伤害。在此过程中你无法跳跃，且免疫控制和{缴械}。,100741,1
藏剑,问水诀,12,飞来闻踪·悟,召唤5个可以被攻击的剑魂，并形成{飞来剑阵·悟}。剑阵中藏剑免疫控制和{缴械}，并获得{闻踪·悟}，若剑阵未被提前摧毁，则延长{闻踪·悟}5秒。,101934,2
藏剑,问水诀,4,莺鸣柳·悟,立即恢复自身全部剑气，自身外功招式会心几率提升20%，外功攻击力提升20%，持续10秒，效果持续期间，外功攻击会心必定触发{断潮·悟}。,100905,1
丐帮,笑尘诀,9,刚健·悟,{棒法招式}伤害提高15%。,100849,1
丐帮,笑尘诀,9,无妄·悟,{掌法招式}会心率提高15%。施展任意{掌法招式}后自身受到的伤害降低25%，持续2秒。,100850,2
丐帮,笑尘诀,10,遁亨·悟,会心效果提高10%，施展【烟雨行·悟】可重置【棒打狗头·悟】的调息时间。,100851,1
丐帮,笑尘诀,10,利涉·悟,会心效果提高10%，所有{掌法招式}调息时间降低3秒。,100852,2
丐帮,笑尘诀,11,载物·悟,{竹林}的存在时间增加3秒，自身处于{竹林}内时伤害和无双均提高10%。,100853,1
丐帮,笑尘诀,11,无虞·悟,{竹林}内自身受到的伤害降低30%，施展【傍身招式】命中敌方可使其{轻功沉默}1.5秒。,100854,2
丐帮,笑尘诀,12,神龙降世·悟,腾空跃起，对敌方造成伤害。,100824,1
丐帮,笑尘诀,12,天下无狗·悟,对敌方造成伤害。,100825,2
明教,焚影圣诀,9,弃身明道·悟,造成伤害的8%转化为自身气血值。,100787,1
明教,焚影圣诀,9,圣光破邪·悟,招式会心后使自身6秒内伤害提高15%。,100788,2
明教,焚影圣诀,10,光影偕生·悟,【流光囚影·悟】调息时间增加15秒，可{缴械}目标5秒。,100789,1
明教,焚影圣诀,10,日月同辉·悟,{净世破魔击·悟}伤害提高30%，施展{净世破魔击·悟}后返还20点对应日灵或月魂。,100790,2
明教,焚影圣诀,11,轮回死生·悟,{净世破魔击·悟·日}使自身伤害提高10%，持续5秒，{净世破魔击·悟·月}使目标4秒内{减疗}30%。,100791,1
明教,焚影圣诀,11,诛邪镇魔·悟,8秒内交替施展两次不同效果的{净世破魔击·悟}可将【傍身招式】替换为特殊招式{诛邪镇魔·悟}。,100792,2
明教,焚影圣诀,12,微妙风·悟,对自身周围造成5次伤害。,101859,1
明教,焚影圣诀,12,日月晦·悟,对目标区域冲刺造成伤害，自身获得满日。,101862,2
明教,明尊琉璃体,5,七神佑体·悟,基础气血最大值提高10%，被疗伤成效提高10%。,100929,1
明教,明尊琉璃体,5,光明造相·悟,被伤害招式命中后使自身闪躲提高3%，可叠加5层，持续20秒。,100934,2
明教,明尊琉璃体,6,圣法妙风·悟,每次闪避后使自身回复5%最大气血值，至多每秒触发一次。,101895,1
明教,明尊琉璃体,6,降魔催光·悟,施展{净世破魔击·悟·日}使自身受到的外功伤害降低10%，施展{净世破魔击·悟·月}受到的内功伤害降低10%，持续10秒。,100932,2
明教,明尊琉璃体,7,心火叹·悟,8秒内交替施展两次不同效果的{净世破魔击·悟}可将【傍身招式】替换为特殊招式{心火叹·悟}。,101896,1
明教,明尊琉璃体,7,永浴阳炎·悟,施展{净世破魔击·悟}可抵挡1次伤害，持续6秒。,100931,2
明教,明尊琉璃体,8,微妙风·悟,对自身周围造成5次伤害。,100935,1
明教,明尊琉璃体,8,朝圣言·悟,持续运功使范围敌方强制攻击自身。期间自身受到的伤害降低60%。\n·20尺内团队成员每秒获得增益。,100874,2
苍云,分山劲,5,血狱·悟,自身施加的{流血}现在最多可叠加3层。,101245,1
苍云,分山劲,5,镇关·悟,施展{盾系招式}使自身获得1秒{盾立·悟}。,101246,2
苍云,分山劲,6,睥睨·悟,攻击气血值百分比低于自身的目标后，使自身伤害提高10%，对被{眩晕}、{击倒}、{击入僵直}的目标造成伤害额外再提高10%，持续5秒。,101247,1
苍云,分山劲,6,陷阵·悟,自身每次添加{流血}后，使自身会心率和会心效果提高4%，持续15秒，最多叠加3层。,101248,2
苍云,分山劲,7,碎甲·悟,{血怒·悟}不再降低受到的伤害，伤害提高效果提高至5%，持续时间延长至25秒，{刀系招式}不再消耗{血怒·悟}。,101249,1
苍云,分山劲,7,战狂·悟,施展{刀系招式}时，若有3层{血怒·悟}，消耗全部{血怒·悟}并额外造成1次567%攻击力的外功伤害，使敌方{减疗}30%，持续3秒。,101250,2
苍云,分山劲,8,矢尽兵穷·悟,向范围内敌方玩家发出战斗邀请，3秒后在施展位置生成决斗场，范围内自身以及敌方玩家免疫击退和被拉。受到邀请未在场内和离开决斗场的敌方玩家造成的伤害降低60%，持续12秒。决斗场最多存在15秒，在苍云离开后消失。,102042,1
苍云,分山劲,8,祭血关山·悟,获得{擎刀}，对周围敌方造成伤害，随后每秒对范围内敌方造成伤害并使其{轻功沉默}。期间自身造成的伤害额外提高10%，持续10秒。,102040,2
苍云,铁骨衣,1,先登·悟,成功招架后回复自身3%气血值，该效果最多每6秒触发一次。,101345,1
苍云,铁骨衣,1,孤注·悟,被攻击时使自身招架率提高6%，最多可叠加5层，成功招架后该效果不再叠加，8秒后效果消失。,101346,2
苍云,铁骨衣,2,厉兵·悟,体质和被疗成效提高10%。,101347,1
苍云,铁骨衣,2,焚舟·悟,自身气血值每下降10%，招架率提高3%，基础拆招值提高2%。,101348,2
苍云,铁骨衣,3,不屈·悟,{铁骨·悟}效果提高90%，可额外叠加5层。,101349,1
苍云,铁骨衣,3,死地·悟,成功招架后使自身基础外功攻击力提升，提升量相当于自身当前拆招值的50%。,101350,2
苍云,铁骨衣,4,阵云结晦·悟,对敌方造成伤害，命中敌方时，使自身招架率提升8%，并使其伤害降低，可叠加3次，持续15秒。,101035,1
苍云,铁骨衣,4,寒啸千军·悟,鼓舞友方士气，使团队成员造成的伤害提高。,101344,2
长歌,莫问,9,风雅·悟,{琴音}招式造成的伤害提高15%。,101225,1
长歌,莫问,9,对影·悟,{影子}命中敌方侠士时使其受到伤害提高5%，持续2秒。,101226,2
长歌,莫问,10,古调·悟,{琴音}招式命中后为自身添加{绕梁}持续5秒。,101227,1
长歌,莫问,10,影荫·悟,每产生一个{影子}在场，使自身受到的伤害降低5%。每次回收影子降低【清绝影歌·悟】调息时间10秒。,101228,2
长歌,莫问,11,弦歌·悟,{音域}招式调息时间降低5秒。,101229,1
长歌,莫问,11,影杀·悟,每产生一个{影子}在场，使自身造成的伤害提高3%。,101230,2
长歌,莫问,12,高山流水·悟,对敌方造成伤害并添加{高山流水}，持续10秒。,101231,1
长歌,莫问,12,平沙落雁·悟,对敌方造成伤害。,101232,2
长歌,相知,1,雅乐·悟,{琴韵}招式的治疗效果提高30%。,101233,1
长歌,相知,1,影护·悟,{影子}的治疗效果提高20%。,101234,2
长歌,相知,2,曲意·悟,{琴韵}招式命中后为自身添加{百啭}持续5秒。,101235,1
长歌,相知,2,影泽·悟,每产生一个{影子}在场，使自身受到的伤害降低5%。每次回收影子降低【敛意·悟】调息时间10秒。,101236,2
长歌,相知,3,弦音·悟,{音域}招式调息时间降低5秒。,101237,1
长歌,相知,3,梅清·悟,{梅花三弄}吸收的伤害量提高为血量上限的25%，持续期间玩家造成的伤害提高10%。,101238,2
长歌,相知,4,阳春白雪·悟,为友方恢复气血值并添加{阳春白雪}，持续10秒。,101239,1
长歌,相知,4,梅花三弄·悟,为友方恢复气血值并添加{梅花三弄}。,101240,2
霸刀,北傲诀,5,征踏·悟,{长刀招式}伤害提高10%，且对{锁足}、{眩晕}、{击倒}目标伤害提高15%。,101296,1
霸刀,北傲诀,5,敛锋·悟,{鞘刀招式}命中的目标气血值低于50%，造成的伤害提高25%。,101297,2
霸刀,北傲诀,6,无拘·悟,施展{双刀招式}后，回复10%最大气血值，自身移速提高20%，持续5秒。,101298,1
霸刀,北傲诀,6,裁魂·悟,{鞘刀招式}命中【坚壁清野·悟】的刀气残留区域内目标时伤害提高20%。,101299,2
霸刀,北傲诀,7,霸王·悟,【项王击鼎·悟】叁式触发的持续范围伤害每次递增10%。,101300,1
霸刀,北傲诀,7,龙威·悟,【醉斩白蛇·悟】每命中一个目标，则有15%概率使6秒内下一个【刀啸风吟·悟】无需运功，伤害提高50%且附带击退效果。,101301,2
霸刀,北傲诀,8,上将军印·悟,对前方造成5次逐渐递增的伤害。,101015,1
霸刀,北傲诀,8,横断山河·悟,冲向目标区域造成伤害并击飞敌方，使其3秒内{轻功沉默}，随后跃向空中将5尺范围内的目标击落并再次造成伤害。,101016,2
蓬莱,凌海诀,9,天宇·悟,{驰风震域·悟}内的目标{轻功沉默}。,101165,1
蓬莱,凌海诀,9,鹏程·悟,处于自身飓风或水龙卷范围内时，施展【傍身招式】后降低{缥缈掌法}和【澹然若海·悟】调息时间1秒。,101166,2
蓬莱,凌海诀,10,九溟·悟,有{击落}效果招式命中空中敌方时，造成130%攻击力的外功伤害，若成功击落目标，则再造成1次伤害。,101167,1
蓬莱,凌海诀,10,浩渺·悟,不处于{撑伞浮空}且在{驰风震域·悟}范围内时，自身伤害提高10%。,101168,2
蓬莱,凌海诀,11,击浪·悟,施展冲刺招式移动10尺以上距离时，使自身在1.5秒后对周围8尺敌方造成169%攻击力的外功伤害，已有该效果时不会重复获得。,101169,1
蓬莱,凌海诀,11,海溟·悟,处于自身飓风、水龙卷范围内时，分别使自身的会心率和会心效果提高10%。,101170,2
蓬莱,凌海诀,12,澹然若海·悟,对周围敌方造成伤害，并在原地出现{水龙卷}。自身在{水龙卷}内施展{缥缈掌法}命中目标会使{水龙卷}造成的伤害提高10%，最多提高3次，持续8秒。,102111,1
蓬莱,凌海诀,12,飞倾列缺·悟,对目标区域内敌方造成伤害并{定身}，随即再次对范围内敌方造成伤害并将其拉向空中，期间对敌方持续造成伤害，并使其{轻功沉默}。,102112,2
凌雪,隐龙诀,9,索命·悟,成功{链接}目标后，自身伤害提高15%，持续8秒。,101324,1
凌雪,隐龙诀,9,岿巍·悟,成功{链接}目标后，获得10%最大气血值的伤害化解盾，持续8秒。,101325,2
凌雪,隐龙诀,10,劫尘·悟,{链接}目标时，每2秒提高自身会心率5%，最多提高至15%，持续8秒。,101326,1
凌雪,隐龙诀,10,堕狱·悟,被左手锁链，右手锁链同时{链接}的目标，将被{轻功沉默}。,101329,2
凌雪,隐龙诀,11,无归·悟,被左手锁链，右手锁链同时{链接}的目标，每秒受到80%攻击力的外功伤害。,101328,1
凌雪,隐龙诀,11,百纳·悟,{链接}侠士目标时，其受到的疗伤转移30%给自身，且每2秒从目标转移2个增益给自身。,101327,2
凌雪,隐龙诀,12,飞刃回转·悟,掷出{飞刃}对敌方造成伤害。选中非侠士目标施展【对阵招式】时{飞刃}将掷向该目标。当自身与{飞刃}距离小于6尺时，施展任意【对阵招式】可使其存在时间延长1秒，最多延长6秒。,101192,1
凌雪,隐龙诀,12,乱天狼·悟,对敌方造成伤害。,101193,2
衍天,太玄经,5,翼轸·悟,持有卦象期间：\n放置【灯魂】可使范围内敌方{锁足}，持续2秒；\n自身成功使敌方{眩晕}时，造成的伤害提高20%，持续5秒。,101473,1
衍天,太玄经,5,辰星·悟,自身或目标处于{局}或{连局}中时，【傍身招式】和【兵主逆·悟】命中时造成1次额外混元性内功伤害。,101474,2
衍天,太玄经,6,星汉 ·悟,持有卦象或场上有自身【灯魂】时，造成的伤害提高10%，受到的伤害降低10%。,101475,1
衍天,太玄经,6,堙灭·悟,每当自身【灯魂】消失时，自身造成的伤害提高5%，最多提高15%，持续30秒。,101476,2
衍天,太玄经,7,七宿·悟,处于{局}或{连局}之中的目标受到自身{祝由·火离·悟}或【杀星在尾·悟】伤害时，{减疗}50%，持续3秒。,101477,1
衍天,太玄经,7,灵灯·悟,施展【绝技招式】使自身造成的会心率和会心效果提高10%，持续15秒，施展【傍身招式】可延长1秒。,101478,2
衍天,太玄经,8,鬼星开穴·悟,立即引爆场上所有【灯魂】，对{局}和{连局}内敌方造成伤害并{定身}。,101454,1
衍天,太玄经,8,列宿游·悟,对敌方造成伤害，施展时每存在1个自身【灯魂】，自身获得1层{明灯·悟}，持续60秒。{明灯·悟}叠加至9层以后再次获得时，使本招式调息时间降低5秒。,101455,2
药宗,无方,9,鬼门·悟,{中毒}的目标气血低于50%时受到自身造成的伤害提高20%。,101419,1
药宗,无方,9,罔医·悟,{中毒}的敌方玩家加速率降低10%。,101420,2
药宗,无方,10,祛疾·悟,每次触发{无方中和}后，驱散目标身上的1个增益气劲。,101421,1
药宗,无方,10,神莹·悟,每次触发{无方中和}后，降低1秒{滞空技}的调息时间。,101422,2
药宗,无方,11,济世·悟,每次施展滞空技后，自身伤害提高15%，持续12秒。,101423,1
药宗,无方,11,寿延·悟,{腾空跃起}后回复5%最大气血值，自身免疫控制，最多持续5秒，该效果触地后消失。,101424,2
药宗,无方,12,苍棘缚地·悟,在目标区域生长植物【苍棘】对范围内的敌方目标造成毒性内功伤害，【苍棘】自身每秒流失10%血量，最多存在15秒。,101370,1
药宗,无方,12,逐云寒蕊·悟,在自身10尺范围内生长植物【寒蕊】范围内友方进入{隐匿}状态并每秒恢复2%气血值，【寒蕊】自身每秒流失10%血量，最多存在13秒。,101371,2
药宗,灵素,1,春晖·悟,自身受到伤害降低5%，植物每秒流失血量降低为8%。,101432,1
药宗,灵素,1,悬壶·悟,{腾空跃起}每次跳跃使自身治疗成效提高10%，最多提高30%。该效果触地后消失。,101433,2
药宗,灵素,2,苏生·悟,每次触发{灵素中和}后，回复自身和自身植物5%最大气血值。,101434,1
药宗,灵素,2,灵风·悟,每次触发{灵素中和}后，降低自身带{腾空跃起}的技能1秒调息。,101435,2
药宗,灵素,3,发荣·悟,植物在场期间自身治疗效果提高20%。,101436,1
药宗,灵素,3,无拘·悟,{腾空跃起}后回复5%最大气血值，自身免疫控制，最多持续5秒，该效果触地后消失。,101437,2
药宗,灵素,4,青川濯莲·悟,在目标区域生长植物【濯莲】为10尺范围内的友方目标恢复气血值，【濯莲】自身每秒流失10%血量，最多存在15秒。,101413,1
药宗,灵素,4,逐云寒蕊·悟,在自身10尺范围内生长植物【寒蕊】范围内友方进入{隐匿}状态并每秒恢复2%气血值，【寒蕊】自身每秒流失10%血量，最多存在13秒。,101414,2
刀宗,孤锋诀,5,斩涛·悟,力道提高15%、移动速度提高10%。,101537,1
刀宗,孤锋诀,5,砺身·悟,自身受到伤害则获得15点{锐意}。,101538,2
刀宗,孤锋诀,6,披靡·悟,施展招式回复{锐意}时，若{锐意}已满值，则自身伤害提高4%，持续8秒，可叠加5层。,101539,1
刀宗,孤锋诀,6,狂潮·悟,招式会心可对侠士目标额外造成5%当前气血值的{真实伤害}。,101540,2
刀宗,孤锋诀,7,骇浪·悟,每消耗30点{锐意}，回复自身8%最大气血值。,101541,1
刀宗,孤锋诀,7,倒海·悟,自身施加的{流血}最多可叠加3层，【留客雨·悟】命中已有{流血}的目标可使其获得1层{流血}。,101542,2
刀宗,孤锋诀,8,孤锋破浪·悟,对前方造成伤害，自身每拥有30点{锐意}招式伤害提高25%。\n·自身{锐意}满值时可挥出刀气，返还5秒调息时间，对目标造成伤害并附带{截辕·悟}12秒。,101395,1
刀宗,孤锋诀,8,怒锋倾涛·悟,冲向目标区域造成伤害。\n·可消耗30{锐意}使侠士目标额外受到20%当前气血值的{真实伤害}。,101396,2
万灵,山海心诀,5,射日·悟,【弓箭招式】伤害提高25%。,102012,1
万灵,山海心诀,5,白泽·悟,【唤兽招式】伤害提高30%。,102013,2
万灵,山海心诀,6,伴生·悟,10秒内射箭命中同一目标15次后，降低1秒【唤兽招式】的调息时间。,102014,1
万灵,山海心诀,6,灵祇·悟,释放【唤兽招式】后，自身回复10%最大气血值。,102015,2
万灵,山海心诀,7,偕行·悟,释放【唤兽招式】击中目标后，6秒内【弓箭招式】对该目标造成的伤害提高20%。,102016,1
万灵,山海心诀,7,佑护·悟,释放【唤兽招式】可降低2秒【弓箭招式】的调息时间。,102017,2
万灵,山海心诀,8,白虹贯日·悟,对敌方造成伤害。,102010,1
万灵,山海心诀,8,归平野·悟,召唤{乘黄}对敌方发起三次追击。\n第二次追击可拉拽敌方。\n第三次追击可对敌方造成{眩晕}3秒。,102011,2